{
  "user":[
    {
      "id": 1,
      "userName" : "gaurav",
      "password" : "password"
     }
  ],
  "quote": [
    {
      "id": 1,
      "authorName": "Gaurav patil",
      "quote": "What You Think that is not every think",
      "date": "2023-10-06",
      "gender": "Male",
      "quoteType": "Natural"
    },
    {
      "id": 2,
      "authorName": "Vivek Patil",
      "quote": "Hello Gaurav Today Is banknifty expiry day",
      "date": "2023-10-06",
      "gender": "Male",
      "quoteType": "Joyfull"
    },
    {
      "id": 3,
      "authorName": "Charming",
      "quote": "Today is Most beautiful line is Maa Jagat janani",
      "date": "2023-10-05",
      "gender": "Female",
      "quoteType": "Motivational"
    },
    {
      "id": 4,
      "authorName": "power of stock",
      "quote": "If you have profit forgot that and if you have loss learn from them",
      "date": "2023-10-05",
      "gender": "Male",
      "quoteType": "Enjoyment"
    },
    {
      "id": 7,
      "authorName": "conceptual trader",
      "quote": "take short loss and get big profit",
      "date": "2023-10-05",
      "gender": "Female",
      "quoteType": "Joyfull"
    },
    {
      "id": 8,
      "authorName": "Patil",
      "quote": "I am interested like breakout",
      "date": "2023-10-26",
      "gender": "Male",
      "quoteType": "Motivational"
    },
    {
      "id": 9,
      "authorName": "Ab Devillars",
      "quote": "think always 360 degree in your ",
      "date": "2023-10-07",
      "gender": "Male",
      "quoteType": "Natural"
    },
    {
      "id": 10,
      "authorName": "hope",
      "quote": "belive on youn don't giveup hope",
      "date": "2023-10-07",
      "gender": "Male",
      "quoteType": "Other"
    }
  ]
}