{
  "productDetail": [
    {
      "customerName": "gaurav",
      "contact": "9325540421",
      "date": "2023-10-11",
      "productType": "smartphone",
      "companyName": "laptop",
      "id": 1
    },
    {
      "customerName": "cd",
      "contact": "cd",
      "date": "2023-09-30",
      "productType": "smartphone",
      "companyName": "required",
      "id": 2
    },
    {
      "customerName": "vdxf",
      "contact": "dfvd",
      "date": "2023-10-11",
      "productType": "smartphone",
      "companyName": "required",
      "id": 3
    },
    {
      "customerName": "vfdvgf",
      "contact": "dfbdf",
      "date": "2023-10-13",
      "productType": "smartphone",
      "companyName": "apple",
      "id": 4
    },
    {
      "customerName": "vfdvgf",
      "contact": "9325540421",
      "date": "2023-09-28",
      "productType": "laptop",
      "companyName": "required",
      "id": 5
    }
  ],
  "user": [
    {
      "id": 1,
      "userName": "gaurav",
      "password": "password"
    },
    {
      "userName": "asvdg@gmail.com",
      "password": "Pass@123",
      "confirmPassword": "Pasmk",
      "id": 2
    },
    {
      "userName": "Pass@gmail.com",
      "password": "Pass@123",
      "confirmPassword": "pass@123",
      "id": 3
    },
    {
      "userName": "Gaurav@gamil.com",
      "password": "Pass@122",
      "confirmPassword": "Pass@122",
      "id": 4
    },
    {
      "userName": "gaurav@gmail.com",
      "password": "Pass@123",
      "confirmPassword": "Pass@123",
      "id": 5
    },
    {
      "userName": "patilgaurav22112001@gmail.com",
      "password": "Pass@123",
      "confirmPassword": "Pass@123",
      "id": 6
    }
  ],
  "quote": [
    {
      "id": 1,
      "authorName": "Gaurav patil",
      "quote": "What You Think that is not every think",
      "date": "2023-10-06",
      "gender": "Male",
      "quoteType": "Natural"
    },
    {
      "id": 2,
      "authorName": "Vivek Patil",
      "quote": "Hello Gaurav Today Is banknifty expiry day",
      "date": "2023-10-06",
      "gender": "Male",
      "quoteType": "Joyfull"
    },
    {
      "id": 7,
      "authorName": "conceptual trader",
      "quote": "take short loss and get big profit",
      "date": "2023-10-05",
      "gender": "Female",
      "quoteType": "Joyfull"
    },
    {
      "id": 8,
      "authorName": "Patil",
      "quote": "I am interested like breakout",
      "date": "2023-10-26",
      "gender": "Male",
      "quoteType": "Motivational"
    }
  ]
}